date,magnitude,place,close,return
2011-04-06,5.3,"42 km ENE of Namie, Japan",467.6549377441406,0.0097260839103379
2011-04-07,7.1,"29 km ESE of Ishinomaki, Japan",470.9309997558594,0.0070052975972449
2011-04-07,5.1,"88 km ESE of Yamada, Japan",470.9309997558594,0.0070052975972449
2011-04-11,6.6,"17 km SSW of Ishikawa, Japan",479.12109375,0.0182767624020887
2011-04-11,5.8,"14 km SSE of Marumori, Japan",479.12109375,0.0182767624020887
2011-04-11,5.2,"13 km SW of Ishikawa, Japan",479.12109375,0.0182767624020887
2011-04-11,5.0,"15 km SSW of Ishikawa, Japan",479.12109375,0.0182767624020887
2011-04-11,5.5,"20 km SSW of Ishikawa, Japan",479.12109375,0.0182767624020887
2011-04-11,5.4,"288 km SE of ?funato, Japan",479.12109375,0.0182767624020887
2011-04-11,5.5,"8 km WSW of Iiyama, Japan",479.12109375,0.0182767624020887
2011-04-11,6.2,"23 km SE of T?gane, Japan",479.12109375,0.0182767624020887
2011-04-12,5.9,"8 km WSW of Ishikawa, Japan",474.00213623046875,-0.010684057926705
2011-04-12,5.6,"0 km WNW of ?tsuchi, Japan",474.00213623046875,-0.010684057926705
2011-04-12,5.1,"29 km ENE of ?hara, Japan",474.00213623046875,-0.010684057926705
2011-04-13,5.3,"21 km NNE of Daigo, Japan",471.34039306640625,-0.0056154665994339
2011-04-13,6.0,"120 km E of Yamada, Japan",471.34039306640625,-0.0056154665994339
2011-04-13,5.0,"126 km E of Yamada, Japan",471.34039306640625,-0.0056154665994339
2011-04-13,5.0,"121 km E of Yamada, Japan",471.34039306640625,-0.0056154665994339
2011-04-13,5.5,"107 km E of Miyako, Japan",471.34039306640625,-0.0056154665994339
2011-04-13,5.0,"near the east coast of Honshu, Japan",471.34039306640625,-0.0056154665994339
2011-04-14,5.1,"22 km SE of Ishikawa, Japan",465.81219482421875,-0.0117286749099151
2011-04-14,5.1,"74 km ESE of Iwaki, Japan",465.81219482421875,-0.0117286749099151
2011-04-14,5.7,"96 km ESE of Hasaki, Japan",465.81219482421875,-0.0117286749099151
2011-04-15,5.0,"128 km ESE of Namie, Japan",466.83587646484375,0.0021976273957604
2011-04-18,5.0,"8 km NW of ?date, Japan",462.7408447265625,-0.0087718873906847
2011-04-19,5.0,"223 km E of Namie, Japan",467.4501647949219,0.0101770140285371
2011-04-21,5.7,"157 km ENE of Miyako, Japan",464.78826904296875,-0.0091665635509589
2011-04-21,5.8,"161 km ENE of Miyako, Japan",464.78826904296875,-0.0091665635509589
2011-04-21,5.0,"113 km ESE of Namie, Japan",464.78826904296875,-0.0091665635509589
2011-04-21,5.0,"70 km E of Ishinomaki, Japan",464.78826904296875,-0.0091665635509589
2011-04-21,6.2,"6 km WNW of T?gane, Japan",464.78826904296875,-0.0091665635509589
2011-04-21,5.1,"4 km E of Asahi, Japan",464.78826904296875,-0.0091665635509589
2011-04-21,5.6,"20 km ENE of Namie, Japan",464.78826904296875,-0.0091665635509589
2011-04-22,5.2,"21 km NNE of Iwaki, Japan",464.17413330078125,-0.0013213236716409
2011-04-22,5.0,"280 km E of Namie, Japan",464.17413330078125,-0.0013213236716409
2011-04-25,5.1,"29 km ESE of ?arai, Japan",460.8980407714844,-0.0070578955057238
2011-04-25,5.1,"116 km ESE of Iwaki, Japan",460.8980407714844,-0.0070578955057238
2011-04-26,5.0,"2 km SW of Sakai, Japan",458.2362976074219,-0.0057751236251885
2011-04-27,5.0,"151 km E of Iwaki, Japan",455.16510009765625,-0.0067022135212797
2011-04-27,5.0,"42 km SE of Ishinomaki, Japan",455.16510009765625,-0.0067022135212797
2011-04-28,5.0,"154 km ESE of Iwaki, Japan",460.4886474609375,0.0116958601662102
2011-04-28,5.5,"near the east coast of Honshu, Japan",460.4886474609375,0.0116958601662102
2011-05-02,5.1,"73 km NE of Miyako, Japan",461.51226806640625,0.0022229008491585
2011-05-09,5.6,"199 km ESE of Onagawa Ch?, Japan",463.96942138671875,0.0030986278655082
2011-05-10,5.1,"240 km E of Namie, Japan",461.51226806640625,-0.0052959380662814
2011-05-10,5.2,"209 km ESE of Ishinomaki, Japan",461.51226806640625,-0.0052959380662814
2011-05-10,5.0,"77 km ESE of Ishinomaki, Japan",461.51226806640625,-0.0052959380662814
2011-05-10,5.1,"89 km NE of Hasaki, Japan",461.51226806640625,-0.0052959380662814
2011-05-10,5.0,"103 km ENE of Hasaki, Japan",461.51226806640625,-0.0052959380662814
2011-05-10,5.7,"46 km WNW of Barabash, Russia",461.51226806640625,-0.0052959380662814
2011-05-11,5.2,"209 km ESE of Ishinomaki, Japan",458.03155517578125,-0.0075419726223272
2011-05-11,5.2,"135 km ENE of Hasaki, Japan",458.03155517578125,-0.0075419726223272
2011-05-13,6.1,"31 km ESE of Namie, Japan",450.25103759765625,-0.0125725478947114
2011-05-19,5.3,"153 km ESE of Namie, Japan",464.9930114746094,0.0336819080831287
2011-05-20,5.8,"3 km NNE of Hasaki, Japan",457.21240234375,-0.0167327442324027
2011-05-20,5.1,"36 km E of Namie, Japan",457.21240234375,-0.0167327442324027
2011-05-24,5.8,"112 km E of Miyako, Japan",445.5415954589844,-0.0050296766734756
2011-05-24,5.0,"32 km ENE of ?arai, Japan",445.5415954589844,-0.0050296766734756
2011-05-30,5.1,"129 km ENE of Miyako, Japan",444.7226257324219,-0.0077659911724381
2011-05-31,5.4,"10 km WNW of ?tsuchi, Japan",456.3936462402344,0.0262433702098949
2011-05-31,5.0,"128 km ENE of Miyako, Japan",456.3936462402344,0.0262433702098949
2011-06-01,5.2,"139 km E of Miyako, Japan",453.7317199707031,-0.0058325226292262
2011-06-03,6.1,"258 km E of Namie, Japan",442.47027587890625,-0.0123400393650743
2011-06-03,5.5,"3 km NE of Iwaki, Japan",442.47027587890625,-0.0123400393650743
2011-06-03,5.0,"9 km ENE of G?tsuch?, Japan",442.47027587890625,-0.0123400393650743
2011-06-08,5.0,"near the east coast of Honshu, Japan",441.6512145996094,-0.0100966939192812
2011-06-09,5.0,"104 km ESE of Namie, Japan",441.6512145996094,0.0
2011-06-09,5.4,"17 km SE of Hitachi, Japan",441.6512145996094,0.0
2011-06-10,5.0,"75 km E of Ishinomaki, Japan",448.203369140625,0.0148355859203412
2011-06-13,5.1,"96 km ENE of Miyako, Japan",442.2656555175781,-0.0132478112211242
2011-06-14,5.0,"29 km WSW of Nemuro, Japan",445.3367919921875,0.0069440989511502
2011-06-14,5.7,"208 km ESE of Ishinomaki, Japan",445.3367919921875,0.0069440989511502
2011-06-14,5.4,"38 km E of Yamada, Japan",445.3367919921875,0.0069440989511502
2011-06-16,5.0,"109 km E of Miyako, Japan",436.12298583984375,-0.0211396864291376
2011-06-21,5.4,"45 km ESE of Hasaki, Japan",432.4374694824219,0.004279458521138
2011-06-22,5.7,"84 km ENE of Miyako, Japan",444.1083679199219,0.0269886382682535
2011-06-22,5.1,"269 km SE of ?funato, Japan",444.1083679199219,0.0269886382682535
2011-06-22,6.7,"41 km NNE of Miyako, Japan",444.1083679199219,0.0269886382682535
2011-06-23,5.3,"13 km ENE of Ishinomaki, Japan",442.2656555175781,-0.0041492404454671
2011-06-23,5.1,"67 km SE of Nishinoomote, Japan",442.2656555175781,-0.0041492404454671
2011-06-24,5.5,"35 km SSE of Shizunai-furukawach?, Japan",447.7938537597656,0.0124997231261783
2011-06-28,5.2,"186 km ENE of Miyako, Japan",445.5415954589844,0.0130352198443925
2011-06-29,5.0,"4 km E of Narut?, Japan",460.693359375,0.0340075181990733
2011-06-29,5.0,"20 km WSW of Hotaka, Japan",460.693359375,0.0340075181990733
2011-07-05,5.0,"12 km NNW of Gob?, Japan",484.2398681640625,0.0128477082266287
2011-07-06,5.7,"89 km ESE of Takahagi, Japan",488.9491271972656,0.0097250543435378
2011-07-07,5.5,"8 km N of Iwaki, Japan",483.4208679199219,-0.0113064099511387
2011-07-08,5.0,"28 km NNE of Miyako, Japan",487.3111877441406,0.0080474801200827
2011-07-11,5.2,"4 km WSW of ?tsuchi, Japan",480.96380615234375,-0.0130253147299576
2011-07-12,5.0,"32 km SSE of ?funato, Japan",470.521484375,-0.0217112423923977
2011-07-12,5.1,"15 km S of Namie, Japan",470.521484375,-0.0217112423923977
2011-07-14,5.0,"near the east coast of Honshu, Japan",465.40264892578125,-0.0026325380870441
2011-07-15,5.5,"5 km NE of Sakai, Japan",467.8595886230469,0.0052791699895491
2011-07-19,5.2,"52 km ESE of Namie, Japan",463.96942138671875,-0.0083148178020188
2011-07-21,5.1,"130 km E of Miyako, Japan",471.9546813964844,-0.000867077492087
2011-07-25,5.0,"58 km E of ?hara, Japan",478.91632080078125,-0.0072153269045264
2011-07-25,5.1,"53 km ENE of Ishinomaki, Japan",478.91632080078125,-0.0072153269045264
2011-07-25,5.6,"49 km E of ?hara, Japan",478.91632080078125,-0.0072153269045264
2011-07-27,5.0,"near the east coast of Honshu, Japan",476.8689270019531,-0.0168844277254976
2011-07-28,5.6,"135 km NE of Miyako, Japan",470.11187744140625,-0.014169615963506
2011-07-28,5.2,"71 km SE of Kamaishi, Japan",470.11187744140625,-0.014169615963506
2011-07-29,5.4,"96 km ESE of Iwaki, Japan",465.81219482421875,-0.0091460837802878
2011-08-01,5.7,"24 km NNE of Miyako, Japan",475.2308349609375,0.0202198230131631
2011-08-01,5.9,"20 km E of ?yama, Japan",475.2308349609375,0.0202198230131631
2011-08-05,5.0,"62 km NNE of Miyako, Japan",454.7554931640625,-0.0376949151053793
2011-08-11,5.2,"64 km E of Ishinomaki, Japan",439.60382080078125,-0.0160400170494597
2011-08-11,5.8,"1 km SSE of Iwaki, Japan",439.60382080078125,-0.0160400170494597
2011-08-11,5.0,"32 km SW of ?yama, Japan",439.60382080078125,-0.0160400170494597
2011-08-16,5.0,"190 km SE of ?funato, Japan",435.5086975097656,0.0028287139695422
2011-08-16,5.3,"62 km NNE of Miyako, Japan",435.5086975097656,0.0028287139695422
2011-08-17,5.0,"69 km E of Ishinomaki, Japan",438.1705627441406,0.006112082834615
2011-08-17,6.1,"258 km ESE of Namie, Japan",438.1705627441406,0.006112082834615
2011-08-19,6.2,"61 km ENE of Namie, Japan",421.9951477050781,-0.036915795843884
2011-08-22,5.9,"86 km ENE of Hasaki, Japan",424.8615417480469,0.0067924810476067
2011-08-25,5.0,"239 km E of Hasaki, Japan",423.2235412597656,-0.00625012002512
2011-09-05,5.1,"166 km ESE of Iwaki, Japan",403.1578369140625,-0.0362211999183492
2011-09-06,5.2,"76 km SE of Iwaki, Japan",397.4247741699219,-0.0142203926581804
2011-09-07,5.0,"136 km ENE of Miyako, Japan",396.19635009765625,-0.0030909599806185
2011-09-07,5.1,"11 km SSE of Shizunai-furukawach?, Japan",396.19635009765625,-0.0030909599806185
2011-09-08,5.1,"78 km ESE of Namie, Japan",397.01531982421875,0.0020670804422115
2011-09-12,5.0,"225 km E of Hasaki, Japan",388.6203918457031,-0.0201342307700298
2011-09-15,6.1,"68 km E of ?arai, Japan",393.125,0.0062896226070203
2011-09-16,6.7,"99 km NE of Miyako, Japan",402.7483215332031,0.0244790372863672
2011-09-16,5.1,"137 km ENE of Miyako, Japan",402.7483215332031,0.0244790372863672
2011-09-16,5.7,"128 km ENE of Miyako, Japan",402.7483215332031,0.0244790372863672
2011-09-16,5.9,"112 km NE of Miyako, Japan",402.7483215332031,0.0244790372863672
2011-09-16,5.8,"113 km ENE of Miyako, Japan",402.7483215332031,0.0244790372863672
2011-09-16,5.7,"122 km ENE of Miyako, Japan",402.7483215332031,0.0244790372863672
2011-09-21,5.1,"2 km WNW of Daigo, Japan",391.6916198730469,0.0031462255922298
2011-09-29,5.1,"17 km E of Ishikawa, Japan",411.7216491699219,0.0269151537423772
2011-09-30,5.0,"140 km ESE of Yamada, Japan",411.7216491699219,0.0
2011-10-05,5.3,"24 km W of ?machi, Japan",392.6298522949219,-0.009423862302187
2011-10-05,5.2,"eastern Honshu, Japan",392.6298522949219,-0.009423862302187
2011-10-07,5.3,"73 km ENE of Mutsu, Japan",388.0641784667969,-0.0105820929189021
2011-10-12,5.0,"277 km ESE of ?funato, Japan",390.7620544433594,-0.019781301108514
2011-10-17,5.0,"83 km ENE of Namie, Japan",392.83734130859375,0.0249053101704492
2011-10-21,6.1,"16 km NE of Asahikawa, Japan",365.8596496582031,-0.0408051627348323
2011-10-25,5.0,"8 km ESE of Iwaki, Japan",371.0475769042969,-0.0116085414477363
2011-10-25,5.2,"Izu Islands, Japan region",371.0475769042969,-0.0116085414477363
2011-11-01,5.0,"76 km ENE of Hasaki, Japan",383.9139099121094,-0.0221988784904352
2011-11-08,5.2,"Izu Islands, Japan region",384.9515380859375,-0.0216244700375261
2011-11-08,5.0,"248 km ESE of Ishinomaki, Japan",384.9515380859375,-0.0216244700375261
2011-11-08,5.0,"156 km E of Namie, Japan",384.9515380859375,-0.0216244700375261
2011-11-11,5.1,"122 km E of Miyako, Japan",385.573974609375,0.0081389272536249
2011-11-16,5.3,"153 km SE of Katsuura, Japan",386.4040832519531,0.012506870094225
2011-11-17,5.0,"32 km SSE of ?funato, Japan",385.15911865234375,-0.0032219240260916
2011-11-17,5.0,"72 km E of Hasaki, Japan",385.15911865234375,-0.0032219240260916
2011-11-21,5.1,"13 km WNW of Miyoshi, Japan",368.5572814941406,-0.0209483539461459
2011-11-24,6.2,"53 km SSE of Shizunai-furukawach?, Japan",363.3693542480469,-0.0107342213020263
2011-12-01,5.0,"75 km N of Otrada, Russia",390.9696350097656,0.0283843152301912
2011-12-02,5.2,"18 km NNE of Kamogawa, Japan",396.3651428222656,0.0138003244481255
2011-12-05,5.2,"99 km ENE of Hasaki, Japan",393.2524108886719,-0.0078531929206234
2011-12-13,5.0,"218 km ESE of Ishinomaki, Japan",372.2926330566406,0.0027948379343352
2011-12-14,5.1,"4 km S of Toki, Japan",371.877685546875,-0.0011145735180381
2011-12-15,5.0,"179 km SE of ?funato, Japan",359.84149169921875,-0.0323660018211527
2011-12-15,5.3,"Izu Islands, Japan region",359.84149169921875,-0.0323660018211527
2011-12-15,5.6,"Izu Islands, Japan region",359.84149169921875,-0.0323660018211527
2011-12-20,5.1,"72 km NE of Miyako, Japan",357.14361572265625,-0.0103509556006472
2011-12-27,5.3,"Izu Islands, Japan region",355.27593994140625,0.00234173123834
2011-12-30,5.2,"Izu Islands, Japan region",353.82330322265625,0.0017625331538801
2012-01-05,5.0,"57 km SE of ?funato, Japan",361.5016784667969,-0.0163746477692015
2012-01-12,5.5,"17 km ESE of Iwaki, Japan",363.16180419921875,-0.0124152612773478
2012-01-12,5.2,"101 km E of Ishinomaki, Japan",363.16180419921875,-0.0124152612773478
2012-01-12,5.0,"99 km ESE of Iwaki, Japan",363.16180419921875,-0.0124152612773478
2012-01-20,5.2,"191 km ESE of Ishinomaki, Japan",379.140869140625,0.0469912319866887
2012-01-23,5.2,"9 km NE of Iwaki, Japan",385.9891357421875,0.018062591397981
2012-01-25,5.2,"34 km SE of Ishinomaki, Japan",394.08245849609375,0.0117207447937877
2012-01-27,5.0,"229 km SE of ?funato, Japan",390.9696350097656,-0.0026467286727875
2012-01-27,5.2,"9 km ENE of Fujiyoshida, Japan",390.9696350097656,-0.0026467286727875
2012-02-07,5.0,"37 km ENE of Makubetsu, Japan",417.73968505859375,-0.0019834207489841
2012-02-08,5.4,"45 km WSW of Ry?tsu-minato, Japan",427.493408203125,0.0233488066693092
2012-02-14,5.5,"72 km NE of Hasaki, Japan",423.3429260253906,-0.002932315036019
2012-02-14,5.8,"72 km ENE of Kashima-shi, Japan",423.3429260253906,-0.002932315036019
2012-02-14,5.1,"86 km ENE of Hasaki, Japan",423.3429260253906,-0.002932315036019
2012-02-15,5.0,"54 km NE of Namie, Japan",447.6227722167969,0.0573526677754148
2012-02-28,5.0,"39 km E of ?arai, Japan",466.2997741699219,0.0117064194913429
2012-02-28,5.4,"279 km E of Namie, Japan",466.2997741699219,0.0117064194913429
2012-02-29,5.2,"49 km ESE of Namie, Japan",465.8847961425781,-0.0008899382979167
2012-02-29,5.6,"55 km E of ?hara, Japan",465.8847961425781,-0.0008899382979167
2012-02-29,5.4,"8 km WNW of Hitachi-Naka, Japan",465.8847961425781,-0.0008899382979167
2012-03-01,5.0,"281 km E of Namie, Japan",455.92364501953125,-0.0213811465957313
2012-03-02,5.3,"59 km E of ?hara, Japan",456.9613037109375,0.0022759484021974
2012-03-05,5.0,"69 km NNE of Miyako, Japan",454.8861083984375,-0.004541293312251
2012-03-09,5.4,"6 km SE of Daigo, Japan",470.65777587890625,0.0360897494421847
2012-03-09,5.0,"109 km E of Hasaki, Japan",470.65777587890625,0.0360897494421847
2012-03-14,6.9,"236 km SSE of Kushiro, Japan",478.7508850097656,0.0253330858405593
2012-03-14,6.1,"245 km S of Kushiro, Japan",478.7508850097656,0.0253330858405593
2012-03-14,5.6,"211 km SE of Hiroo, Japan",478.7508850097656,0.0253330858405593
2012-03-14,5.4,"233 km S of Kushiro, Japan",478.7508850097656,0.0253330858405593
2012-03-14,6.0,"5 km SE of Asahi, Japan",478.7508850097656,0.0253330858405593
2012-03-14,5.2,"75 km ESE of Hasaki, Japan",478.7508850097656,0.0253330858405593
2012-03-15,5.5,"3 km ENE of ?me, Japan",479.99615478515625,0.0026010808844045
2012-03-27,6.1,"24 km NNE of Miyako, Japan",483.52392578125,0.0425056911696759
2012-03-30,5.1,"near the east coast of Honshu, Japan",476.3916320800781,-0.0108886889314697
2012-03-30,5.1,"248 km S of Kushiro, Japan",476.3916320800781,-0.0108886889314697
2012-04-02,5.0,"142 km ESE of Ishinomaki, Japan",477.23077392578125,0.0017614537896879
2012-04-12,5.2,"24 km SSE of Iwaki, Japan",428.77349853515625,-0.0019533231213276
2012-04-12,5.5,"41 km E of Namie, Japan",428.77349853515625,-0.0019533231213276
2012-04-13,5.7,"24 km ESE of Iwaki, Japan",437.1643981933594,0.019569538898438
2012-04-13,5.1,"24 km E of Iwaki, Japan",437.1643981933594,0.019569538898438
2012-04-19,5.2,"27 km ESE of Iwaki, Japan",436.74481201171875,0.0
2012-04-24,5.5,"5 km ENE of Narut?, Japan",423.10968017578125,-0.014655379925432
2012-04-26,5.1,"54 km ENE of Mutsu, Japan",433.1786193847656,-0.0009679655690572
2012-05-08,5.0,"off the east coast of Honshu, Japan",408.006103515625,-0.0005141136033323
2012-05-10,5.2,"24 km NE of Miyako, Japan",398.1468200683594,-0.0015782387183443
2012-05-11,5.1,"Izu Islands, Japan region",391.4342346191406,-0.0168595731797286
2012-05-18,5.0,"106 km E of Miyako, Japan",370.2472229003906,-0.0370974589269232
2012-05-21,5.2,"131 km E of Yamada, Japan",375.4914855957031,0.0141642188541772
2012-05-23,5.9,"72 km E of Mutsu, Japan",369.19842529296875,-0.0162099093690278
2012-05-28,5.1,"3 km W of Honch?, Japan",370.45703125,-0.0022597056259379
2012-05-29,5.2,"236 km E of Yamada, Japan",371.5057678222656,0.0028309263525838
2012-06-01,5.1,"1 km NNW of Hasuda, Japan",360.59771728515625,0.0070298232057204
2012-06-05,6.1,"75 km ESE of ?hara, Japan",365.84197998046875,0.0487072539016479
2012-06-07,5.0,"118 km ENE of Miyako, Japan",384.7214050292969,0.0234373636379652
2012-06-21,5.2,"122 km E of Yamada, Japan",411.7819519042969,0.0149946595939667
2012-06-22,5.0,"133 km E of Yamada, Japan",408.84539794921875,-0.0071313323507694
2012-06-28,5.2,"13 km NNE of Iwaki, Japan",411.36248779296875,0.0288563127210343
2012-07-03,5.3,"12 km WSW of Tateyama, Japan",430.0321960449219,0.0219342487446556
2012-07-05,5.0,"Izu Islands, Japan region",426.6757507324219,-0.0053794111075043
2012-07-09,5.6,"101 km SSW of Yudomari, Japan",413.04071044921875,-0.0169744453642757
2012-07-25,5.0,"31 km S of Makurazaki, Japan",361.64654541015625,-0.046987351854181
2012-08-06,5.3,"83 km S of Koshima, Japan",379.6755065917969,0.0243041993715136
2012-08-06,5.0,"81 km S of Koshima, Japan",379.6755065917969,0.0243041993715136
2012-08-20,5.1,"41 km ESE of Iwaki, Japan",413.4602355957031,0.0030535973145815
2012-08-22,5.0,"41 km E of Shizunai-furukawach?, Japan",408.84539794921875,-0.0099657830806045
2012-08-29,5.5,"44 km E of Ishinomaki, Japan",405.2789611816406,0.0157725606091676
2012-09-13,5.2,"7 km ESE of Narita, Japan",416.8165283203125,0.0070957023190953
2012-09-20,5.1,"120 km E of Miyako, Japan",431.0809020996094,-0.0279093642266414
2012-09-25,5.0,"140 km ENE of Hasaki, Japan",429.6126708984375,0.0004888893342598
2012-10-01,5.1,"19 km SE of Iwaki, Japan",425.0411376953125,0.0025073935178316
2012-10-01,6.1,"100 km E of Miyako, Japan",425.0411376953125,0.0025073935178316
2012-10-01,5.2,"107 km E of Miyako, Japan",425.0411376953125,0.0025073935178316
2012-10-12,5.2,"3 km SE of Narita, Japan",436.0977783203125,0.030653574072168
2012-10-16,5.4,"Izu Islands, Japan region",439.4997253417969,0.0117473898104376
2012-10-16,5.3,"12 km WSW of Makurazaki, Japan",439.4997253417969,0.0117473898104376
2012-10-25,5.6,"36 km ESE of Ishinomaki, Japan",460.54986572265625,0.0126227431073597
2012-11-05,5.6,"214 km ESE of Ishinomaki, Japan",448.64263916015625,-0.017691167766479
2012-11-09,5.2,"39 km SE of Iwaki, Japan",432.057861328125,-0.0058705413756463
2012-11-12,5.0,"Izu Islands, Japan region",421.2138366699219,-0.0250985472752864
2012-11-16,5.3,"54 km E of ?hara, Japan",443.32708740234375,0.0301384966356734
2012-11-21,5.0,"31 km ENE of Ishinomaki, Japan",456.93505859375,-0.0083065846713625
2012-12-07,7.3,"234 km SE of ?funato, Japan",453.5330810546875,0.0230213626515476
2012-12-07,6.2,"220 km SE of ?funato, Japan",453.5330810546875,0.0230213626515476
2012-12-07,5.2,"260 km E of Namie, Japan",453.5330810546875,0.0230213626515476
2012-12-07,5.5,"212 km ESE of Ishinomaki, Japan",453.5330810546875,0.0230213626515476
2012-12-07,5.0,"214 km ESE of Ishinomaki, Japan",453.5330810546875,0.0230213626515476
2012-12-07,5.1,"215 km ESE of Ishinomaki, Japan",453.5330810546875,0.0230213626515476
2012-12-07,5.0,"224 km SE of ?funato, Japan",453.5330810546875,0.0230213626515476
2012-12-07,5.1,"232 km ESE of Ishinomaki, Japan",453.5330810546875,0.0230213626515476
2012-12-07,5.2,"228 km ESE of Ishinomaki, Japan",453.5330810546875,0.0230213626515476
2012-12-11,5.1,"238 km ESE of Ishinomaki, Japan",446.0911560058594,-0.0089750463325301
2012-12-17,5.0,"off the east coast of Honshu, Japan",462.46337890625,0.0009203394489825
2012-12-18,5.1,"101 km ESE of Iwaki, Japan",473.5201416015625,0.0239084070212485
2012-12-21,5.0,"43 km NE of Ishinomaki, Japan",500.5236511230469,-0.0187578112426852
2012-12-21,5.0,"Izu Islands, Japan region",500.5236511230469,-0.0187578112426852
2013-01-08,5.4,"62 km NNE of Miyako, Japan",513.919189453125,-0.0218535389224958
2013-01-10,5.0,"27 km E of Namie, Japan",549.00244140625,0.0508747167879426
2013-01-15,5.0,"Izu Islands, Japan region",559.208740234375,-0.0212130703827642
2013-01-22,5.4,"77 km SSW of Rishiri Town, Japan",559.8466796875,-0.008659571331549
2013-01-23,5.3,"27 km SSE of Nemuro, Japan",545.6005859375,-0.0254464200054772
2013-02-13,5.2,"66 km SE of Nishinoomote, Japan",574.0925903320312,0.0029718290440148
2013-02-19,5.4,"51 km E of ?hara, Japan",584.723876953125,0.0032832518131926
2013-02-25,5.8,"29 km NE of Numata, Japan",581.3219604492188,0.0021998273683736
2013-03-11,5.2,"15 km E of Nichinan, Japan",609.1759033203125,0.0350431611157853
2013-03-12,5.0,"3 km NW of Kamaishi, Japan",605.9866333007812,-0.0052353843974263
2013-04-01,6.0,"104 km E of Yamada, Japan",566.9556274414062,-0.003773519747461
2013-04-01,5.1,"96 km E of Yamada, Japan",566.9556274414062,-0.003773519747461
2013-04-02,5.5,"103 km E of Yamada, Japan",553.6407470703125,-0.0234848720545944
2013-04-03,5.1,"286 km ESE of Namie, Japan",558.1505126953125,0.0081456533841921
2013-04-04,5.0,"4 km SW of Hasaki, Japan",574.9014892578125,0.0300115760560881
2013-04-05,6.3,"13 km NNW of Zarubino, Russia",602.3901977539062,0.0478146413076459
2013-04-05,5.1,"29 km ENE of Nemuro, Japan",602.3901977539062,0.0478146413076459
2013-04-05,5.4,"51 km SE of Iwaki, Japan",602.3901977539062,0.0478146413076459
2013-04-05,5.0,"off the east coast of Honshu, Japan",602.3901977539062,0.0478146413076459
2013-04-12,5.8,"6 km WNW of Sumoto, Japan",687.2188110351562,0.0047096295098589
2013-04-17,5.6,"88 km SSE of Shimoda, Japan",664.66943359375,0.0114379452230626
2013-04-17,5.9,"29 km ENE of Ishinomaki, Japan",664.66943359375,0.0114379452230626
2013-04-19,5.0,"113 km E of Miyako, Japan",644.0528564453125,-0.0118616916027606
2013-04-24,5.2,"253 km S of Shimoda, Japan",666.8170166015625,0.0180328987044624
2013-05-01,5.4,"126 km ESE of ?hara, Japan",653.9317016601562,-0.0145629049837431
2013-05-21,5.1,"83 km ESE of Makubetsu, Japan",729.09619140625,0.0134329036912659
2013-05-28,5.0,"114 km SSE of Katsuura, Japan",671.112060546875,0.00969297913745
2013-06-06,5.0,"6 km SSE of Narut?, Japan",607.7591552734375,0.0017699314472241
2013-06-20,5.0,"80 km ENE of Hachinohe, Japan",651.7841186523438,-0.0097876698578546
2013-07-03,5.0,"43 km ESE of Namie, Japan",728.0223999023438,0.0044446641377977
2013-07-10,5.3,"20 km W of Miyako, Japan",747.3502197265625,0.0131003391291195
2013-07-11,5.3,"Izu Islands, Japan region",741.9814453125,-0.0071837463512445
2013-07-16,5.2,"36 km SSW of Nemuro, Japan",765.6046142578125,0.0303465001990681
2013-07-18,5.0,"36 km SE of Kamaishi, Japan",745.202880859375,-0.0252807105052566
2013-07-19,5.5,"55 km E of Namie, Japan",737.686279296875,-0.0100866512403062
2013-07-23,5.3,"17 km E of Ishikawa, Japan",751.6454467773438,0.0233915766822838
2013-07-25,5.0,"76 km NE of Miyako, Japan",725.874755859375,-0.0532214878745056
2013-08-09,5.0,"145 km E of Miyako, Japan",667.8908081054688,0.0048465813965619
2013-08-09,5.0,"21 km SE of Iwaki, Japan",667.8908081054688,0.0048465813965619
2013-08-13,5.1,"35 km WSW of Kitami, Japan",663.5955810546875,-0.0064310318373224
2013-09-02,5.7,"76 km SE of Vrangel’, Russia",649.6364135742188,-0.003295117227719
2013-09-04,6.5,"Izu Islands, Japan region",657.1529541015625,-0.0097086646401192
2013-09-18,5.0,"65 km SE of ?funato, Japan",704.3992919921875,-0.0105581022267778
2013-09-19,5.4,"8 km WNW of Iwaki, Japan",708.6943969726562,0.0060975430118921
2013-09-20,5.0,"61 km SE of Koseda, Japan",710.842041015625,0.0030304233420539
2013-10-09,5.0,"72 km S of Yudomari, Japan",665.3956909179688,0.0216306366906562
2013-10-22,5.3,"83 km ENE of Namie, Japan",684.9024047851562,-0.0062895036646117
2013-10-25,7.1,"off the east coast of Honshu, Japan",665.3956909179688,-0.0128616865476517
2013-10-25,5.1,"off the east coast of Honshu, Japan",665.3956909179688,-0.0128616865476517
2013-10-25,5.4,"off the east coast of Honshu, Japan",665.3956909179688,-0.0128616865476517
2013-10-25,5.1,"off the east coast of Honshu, Japan",665.3956909179688,-0.0128616865476517
2013-10-25,5.5,"off the east coast of Honshu, Japan",665.3956909179688,-0.0128616865476517
2013-10-29,5.1,"49 km W of Barabash, Russia",682.7349853515625,-0.0015847464472626
2013-10-31,5.3,"121 km E of Ishinomaki, Japan",694.6558837890625,0.0
2013-11-15,5.5,"81 km E of Mutsu, Japan",732.5855712890625,0.0304878106366022
2013-11-18,5.6,"25 km SE of Toba, Japan",749.9249267578125,0.0236687100433052
2013-11-22,5.3,"232 km WNW of Shimokizukuri, Japan",735.8368530273438,-0.0102037440164332
2013-11-25,5.0,"56 km E of Ishinomaki, Japan",745.5899658203125,0.0132544500222337
2013-11-27,5.0,"59 km SE of Muroran, Japan",738.00390625,-0.0087337340004377
2013-11-28,5.0,"11 km SE of Urayasu, Japan",742.3388061523438,0.005873817015916
2013-12-03,5.1,"92 km ESE of Kitaibaraki, Japan",753.1760864257812,0.0131197797086837
2013-12-09,5.1,"112 km ESE of Kitaibaraki, Japan",728.2506713867188,0.010526220398578
2013-12-18,5.2,"Izu Islands, Japan region",729.3344116210938,0.0196969005243377
2013-12-20,5.3,"3 km SSW of Toride, Japan",742.3388061523438,0.0014619517084126
2013-12-27,5.0,"67 km ESE of Hachinohe, Japan",760.7618408203125,0.0086207168612444
2014-01-09,5.0,"41 km SE of Shizunai-furukawach?, Japan",739.087646484375,0.0029409367663808
2014-01-16,5.1,"91 km NE of Miyako, Japan",733.4525146484375,0.0068432813498882
2014-02-05,5.3,"70 km SE of ?funato, Japan",635.4852905273438,0.0342149036815888
2014-02-07,5.2,"33 km ENE of Namie, Japan",649.5736694335938,0.0232162051467434
2014-02-10,5.0,"136 km E of Miyako, Japan",648.2730712890625,-0.002002233473634
2014-02-10,5.3,"92 km S of Tateyama, Japan",648.2730712890625,-0.002002233473634
2014-03-04,5.0,"Izu Islands, Japan region",652.3912353515625,0.0009978345445169
2014-03-11,5.0,"6 km W of Sakura, Japan",668.2133178710938,0.0168202468583125
2014-03-13,6.3,"32 km SSW of Hikari, Japan",664.962158203125,0.0128754933876571
2014-03-17,5.0,"53 km ESE of Iwaki, Japan",651.0907592773438,-0.0036485196796647
2014-04-02,5.5,"12 km NE of ?funato, Japan",691.0606079101562,0.0125520703846724
2014-04-17,5.2,"110 km E of Namie, Japan",657.4521484375,-0.0086121199576374
2014-05-02,5.6,"258 km ESE of ?funato, Japan",676.7825927734375,0.001299890346867
2014-05-12,5.1,"5 km W of Chiba, Japan",655.2557373046875,-0.0036738662516681
2014-05-27,5.3,"283 km SSE of Tateyama, Japan",678.1005249023438,0.0029239161627747
2014-06-13,5.0,"Izu Islands, Japan region",756.7400512695312,0.0090803508789063
2014-06-16,5.3,"106 km SSE of Shimoda, Japan",753.2255249023438,-0.0046442980800228
2014-06-27,5.0,"off the east coast of Honshu, Japan",735.4328002929688,-0.0120977600348154
2014-07-04,5.7,"11 km E of Miyako, Japan",734.993408203125,-0.0005974605561088
2014-07-08,5.5,"13 km N of Shiraoi, Japan",711.0501708984375,-0.0290942221091752
2014-07-11,6.5,"139 km ESE of Namie, Japan",707.974853515625,-0.0061669355710012
2014-07-11,5.2,"143 km E of Iwaki, Japan",707.974853515625,-0.0061669355710012
2014-07-11,5.1,"134 km ESE of Namie, Japan",707.974853515625,-0.0061669355710012
2014-07-11,5.0,"153 km E of Iwaki, Japan",707.974853515625,-0.0061669355710012
2014-07-25,5.1,"86 km S of Shizunai-furukawach?, Japan",721.9235229492188,-0.0025793975553403
2014-08-19,5.1,"39 km S of Nemuro, Japan",707.7551879882812,0.0053042659708402
2014-08-20,5.2,"156 km S of ?yama, Japan",701.494873046875,-0.0088453112709785
2014-08-27,5.4,"154 km ENE of Hachinohe, Japan",705.3389892578125,0.0051653978015615
2014-08-28,5.8,"53 km E of Takanabe, Japan",703.6913452148438,-0.0023359605353767
2014-09-03,5.2,"20 km NW of Nikk?, Japan",704.240478515625,0.0028149937505903
2014-09-16,5.5,"4 km ESE of Sakai, Japan",708.8533935546875,-0.0224175092326057
2014-09-24,5.2,"29 km E of Namie, Japan",738.0687255859375,-0.0191211273491578
2014-09-24,5.1,"33 km ENE of Namie, Japan",738.0687255859375,-0.0191211273491578
2014-10-03,5.5,"90 km NE of Miyako, Japan",725.6534423828125,-0.0007647372019561
2014-10-14,5.0,"154 km ENE of Hachinohe, Japan",713.2071533203125,-0.0213480090548784
2014-10-15,5.5,"Izu Islands, Japan region",721.6526489257812,0.0118415744516175
2014-11-07,5.1,"110 km SE of Ishinomaki, Japan",794.7737426757812,-0.0128361286836304
2014-11-12,5.1,"229 km SSE of Tateyama, Japan",806.2195434570312,0.0020716453368672
2014-11-18,5.0,"59 km SE of Koseda, Japan",823.2218017578125,0.0199638980706566
2014-11-19,5.1,"36 km ESE of Nishinoomote, Japan",857.3377685546875,0.0414420107971238
2014-11-20,5.6,"56 km ESE of Namie, Japan",839.8907470703125,-0.0203502308241796
2014-12-05,5.0,"Izu Islands, Japan region",909.5669555664062,0.0308563539561395
2014-12-05,5.0,"3 km NW of Obama, Japan",909.5669555664062,0.0308563539561395
2014-12-16,5.1,"Izu Islands, Japan region",844.7804565429688,-0.0007884892979651
2014-12-19,5.3,"69 km S of Nemuro, Japan",870.228271484375,0.0263437062446008
2014-12-24,5.2,"55 km ESE of Namie, Japan",881.0074462890625,0.0181070862718371
2015-01-05,5.3,"Izu Islands, Japan region",873.6732177734375,-0.0006354652440585
2015-01-05,5.0,"Izu Islands, Japan region",873.6732177734375,-0.0006354652440585
2015-01-08,5.3,"21 km W of Shibetsu, Japan",856.5596923828125,0.0202514534569888
2015-01-13,5.0,"43 km ESE of Nishinoomote, Japan",863.671875,-0.0154546978286276
2015-02-16,6.7,"83 km ENE of Miyako, Japan",933.6814575195312,0.0043031423804738
2015-02-17,5.5,"51 km N of Miyako, Japan",957.6845092773438,0.0257079666351951
2015-02-17,5.5,"140 km E of Yamada, Japan",957.6845092773438,0.0257079666351951
2015-02-20,6.2,"142 km E of Miyako, Japan",947.4607543945312,-0.0005861977187927
2015-02-20,5.3,"49 km SSE of Shizunai-furukawach?, Japan",947.4607543945312,-0.0005861977187927
2015-02-24,5.8,"107 km E of Miyako, Japan",940.2377319335938,-0.0057577526777025
2015-02-25,5.9,"Izu Islands, Japan region",942.5712890625,0.0024818799008494
2015-02-26,5.0,"65 km E of Ishinomaki, Japan",960.1293334960938,0.0186278158875996
2015-03-27,5.4,"213 km ESE of Iwaki, Japan",1033.26953125,0.0106710040897664
2015-04-15,5.1,"136 km E of Yamada, Japan",1067.91064453125,0.0126919824112057
2015-04-23,5.0,"44 km NNE of Makubetsu, Japan",1157.550048828125,0.0218429002142146
2015-05-11,5.0,"Izu Islands, Japan region",1123.80859375,0.0020053734212106
2015-05-12,6.8,"32 km SE of ?funato, Japan",1121.671630859375,-0.0019015363492587
2015-05-15,5.1,"28 km E of Iwaki, Japan",1115.3734130859375,0.0123523499856132
2015-05-25,5.1,"2 km N of Ageoshimo, Japan",1125.383056640625,0.0204996820326004
2015-05-25,5.1,"169 km SE of Preobrazheniye, Russia",1125.383056640625,0.0204996820326004
2015-06-08,6.1,"74 km ENE of Mutsu, Japan",1140.454345703125,-0.007827800080095
2015-06-10,5.8,"118 km E of Miyako, Japan",1103.339111328125,-0.0086901550364896
2015-06-11,5.7,"119 km E of Miyako, Japan",1098.3902587890625,-0.0044853413499548
2015-06-11,5.7,"120 km E of Miyako, Japan",1098.3902587890625,-0.0044853413499548
2015-06-11,5.4,"111 km E of Miyako, Japan",1098.3902587890625,-0.0044853413499548
2015-06-11,5.1,"98 km ESE of Koshima, Japan",1098.3902587890625,-0.0044853413499548
2015-07-09,5.2,"77 km NE of Miyako, Japan",1108.8499755859375,0.0163918192740859
2015-07-09,5.5,"15 km S of Hachinohe, Japan",1108.8499755859375,0.0163918192740859
2015-07-13,5.1,"Izu Islands, Japan region",1126.508056640625,0.0248646754092221
2015-07-23,5.1,"off the east coast of Honshu, Japan",1180.4940185546875,0.0034418905609334
2015-08-03,5.0,"57 km NE of Namie, Japan",1156.64990234375,-0.0044528816283251
2015-08-06,5.2,"3 km ESE of Funaishikawa, Japan",1172.620849609375,0.0189600129071032
2015-08-13,5.1,"43 km SE of Namie, Japan",1211.9854736328125,0.0097450726977683
2015-08-14,5.2,"30 km S of Obihiro, Japan",1210.186279296875,-0.0014845015679475
2015-08-17,5.1,"9 km NNE of Nishinoomote, Japan",1215.5845947265625,0.0044607309816997
2015-08-25,5.2,"22 km ESE of Takanabe, Japan",984.906982421875,-0.0213457366718098
2015-08-28,5.0,"28 km ENE of ?arai, Japan",1101.3143310546875,0.0233043619103445
2015-09-01,5.6,"Izu Islands, Japan region",1047.328369140625,-0.0451187525674418
2015-09-01,6.0,"Izu Islands, Japan region",1047.328369140625,-0.0451187525674418
2015-09-03,5.4,"221 km E of Namie, Japan",1050.590087890625,0.0224387010242286
2015-09-11,5.1,"13 km N of Kisarazu, Japan",1041.255126953125,-0.0025853383834935
2015-09-29,5.2,"166 km ENE of Miyako, Japan",965.0592651367188,-0.0321847888992978
2015-10-21,5.3,"19 km SSE of Namie, Japan",1057.01318359375,0.0294835469091663
2015-11-04,5.0,"43 km E of Nemuro, Japan",1089.5611572265625,0.0359229341771114
2015-11-05,5.0,"126 km E of Yamada, Japan",1096.389404296875,0.0062669699860571
2015-11-25,5.0,"Izu Islands, Japan region",1076.8153076171875,-0.0056745036105609
2016-01-05,5.8,"166 km E of Nishinoomote, Japan",1027.651611328125,-0.0186914972757497
2016-01-14,6.7,"52 km SE of Shizunai-furukawach?, Japan",945.485107421875,-0.0188946732375042
2016-01-20,5.1,"43 km ESE of Nemuro, Japan",894.2730102539062,-0.0388947430150843
2016-02-02,5.3,"86 km E of Miyako, Japan",1006.029052734375,-0.033034148552999
2016-02-19,5.1,"113 km ESE of Namie, Japan",846.4754028320312,-0.0169178152785667
2016-03-03,5.3,"17 km NNE of Nichinan, Japan",951.1753540039062,0.0162939019393444
2016-04-01,5.9,"54 km SE of Shing?, Japan",845.06787109375,-0.0371054283094617
2016-04-14,6.2,"2 km SSE of Kumamoto, Japan",878.7874755859375,0.0450426347924293
2016-04-14,5.4,"14 km ESE of Kumamoto, Japan",878.7874755859375,0.0450426347924293
2016-04-14,6.0,"5 km ENE of Uto, Japan",878.7874755859375,0.0450426347924293
2016-04-14,5.3,"4 km NNE of Uto, Japan",878.7874755859375,0.0450426347924293
2016-04-15,7.0,"6 km ESE of Kumamoto, Japan",868.6254272460938,-0.0115637154854398
2016-04-15,5.1,"13 km SW of Saiki, Japan",868.6254272460938,-0.0115637154854398
2016-04-15,5.3,"13 km ESE of Kumamoto, Japan",868.6254272460938,-0.0115637154854398
2016-04-15,5.2,"13 km E of Uto, Japan",868.6254272460938,-0.0115637154854398
2016-04-15,5.3,"5 km ENE of Uto, Japan",868.6254272460938,-0.0115637154854398
2016-04-15,5.7,"6 km S of Kikuchi, Japan",868.6254272460938,-0.0115637154854398
2016-04-15,5.4,"5 km WSW of Aso, Japan",868.6254272460938,-0.0115637154854398
2016-04-15,5.5,"10 km NE of Aso, Japan",868.6254272460938,-0.0115637154854398
2016-04-15,5.1,"11 km WSW of Beppu, Japan",868.6254272460938,-0.0115637154854398
2016-04-18,5.5,"8 km NNE of Aso, Japan",817.3529663085938,-0.0590271241541422
2016-04-19,5.3,"6 km NNE of Honmachi, Japan",851.0726928710938,0.0412547919349803
2016-04-20,5.9,"65 km ENE of Namie, Japan",852.689453125,0.0018996735149052
2016-04-26,5.0,"37 km SE of Ishinomaki, Japan",905.8093872070312,-0.0165497224251641
2016-05-16,5.4,"6 km NE of Kasukabe, Japan",846.4535522460938,0.0124307764816777
2016-06-10,5.0,"256 km ESE of Kamaishi, Japan",824.9746704101562,-0.0052907370080842
2016-06-16,5.2,"22 km ENE of Honch?, Japan",777.8596801757812,-0.0330175147051001
2016-06-29,5.0,"252 km E of Miyako, Japan",774.8572998046875,0.0637284626663314
2016-07-19,5.0,"5 km ESE of Mitsukaid?, Japan",896.1090698242188,0.018907582853531
2016-07-19,5.0,"31 km ESE of Yamada, Japan",896.1090698242188,0.018907582853531
2016-07-27,5.3,"15 km SE of Hitachi, Japan",907.195068359375,0.0128933036869123
2016-08-15,5.6,"64 km E of Namie, Japan",881.096923828125,-0.0170060719872076
2016-08-19,5.0,"45 km ESE of Kitaibaraki, Japan",924.9785766601562,0.0440564522229358
2016-08-22,5.1,"71 km E of Ishinomaki, Japan",924.7474975585938,-0.0002498210308793
2016-08-22,5.6,"Izu Islands, Japan region",924.7474975585938,-0.0002498210308793
2016-08-25,5.9,"Izu Islands, Japan region",925.4405517578125,0.003506085565166
2016-09-02,5.3,"132 km SE of Katsuura, Japan",955.6957397460938,0.0301221262406452
2016-09-07,5.0,"22 km ENE of Shizunai-furukawach?, Japan",952.2313842773438,-0.018800410633994
2016-09-09,5.4,"48 km ESE of Hitachi, Japan",932.8310546875,-0.0131934455426392
2016-09-12,5.4,"6km S of Gyeongju, South Korea",910.89013671875,-0.0235207842390069
2016-09-13,5.0,"near the south coast of Honshu, Japan",896.3401489257812,-0.01597337286512
2016-09-20,6.1,"Izu Islands, Japan region",900.0353393554688,-0.0056135689684528
2016-09-23,6.2,"142 km ESE of Katsuura, Japan",937.9120483398438,-0.0017208203081352
2016-09-23,5.2,"151 km ESE of ?hara, Japan",937.9120483398438,-0.0017208203081352
2016-09-23,5.3,"104 km ESE of ?hara, Japan",937.9120483398438,-0.0017208203081352
2016-09-23,5.0,"103 km SE of Katsuura, Japan",937.9120483398438,-0.0017208203081352
2016-09-23,5.1,"Izu Islands, Japan region",937.9120483398438,-0.0017208203081352
2016-09-26,5.0,"52 km SSW of Shizunai-furukawach?, Japan",923.3621215820312,-0.0155131035831842
2016-09-26,5.3,"91 km SE of Shizunai-furukawach?, Japan",923.3621215820312,-0.0155131035831842
2016-09-29,5.1,"151 km ESE of ?hara, Japan",917.8699340820312,-0.0073660837900941
2016-10-04,5.2,"111 km ESE of ?hara, Japan",905.6568603515625,0.0046898855895418
2016-10-20,5.3,"7 km S of Sawara, Japan",956.1534423828125,0.0190236037927127
2016-10-21,6.2,"6 km S of Kurayoshi, Japan",948.8726196289062,-0.0076147011882965
2016-11-01,5.0,"62 km E of Namie, Japan",990.2098388671875,0.0161484801082314
2016-11-09,5.0,"54 km SE of ?funato, Japan",903.3079833984375,-0.0506049236685562
2016-11-11,6.1,"24 km ENE of Ishinomaki, Japan",1035.774658203125,0.056287813969307
2016-11-21,6.9,"35 km ESE of Namie, Japan",1118.4483642578125,0.0334198132466985
2016-11-21,5.0,"52 km SE of Namie, Japan",1118.4483642578125,0.0334198132466985
2016-11-21,5.4,"near the east coast of Honshu, Japan",1118.4483642578125,0.0334198132466985
2016-11-21,5.0,"34 km SSE of Namie, Japan",1118.4483642578125,0.0334198132466985
2016-11-21,5.3,"26 km SE of Namie, Japan",1118.4483642578125,0.0334198132466985
2016-11-21,5.0,"51 km E of Iwaki, Japan",1118.4483642578125,0.0334198132466985
2016-11-21,5.1,"34 km ENE of Iwaki, Japan",1118.4483642578125,0.0334198132466985
2016-11-22,5.2,"42 km SE of Namie, Japan",1116.099609375,-0.0021000119074527
2016-11-22,5.1,"37 km SE of Namie, Japan",1116.099609375,-0.0021000119074527
2016-11-24,5.2,"Izu Islands, Japan region",1148.0421142578125,0.0286197617260164
2016-12-19,5.1,"50 km E of Namie, Japan",1179.27978515625,-0.0120030361956493
2016-12-28,5.9,"13 km NE of Daigo, Japan",1133.47998046875,-0.006791874822507
2016-12-30,5.1,"42 km ESE of Namie, Japan",1126.43408203125,0.0008348110005031
2017-01-04,5.2,"17 km SSE of Iwaki, Japan",1154.853271484375,0.0252293408966088
2017-01-04,5.3,"39 km ENE of Iwaki, Japan",1154.853271484375,0.0252293408966088
2017-01-12,5.4,Sea of Japan,1107.879150390625,-0.0195386906305203
2017-01-13,5.0,"9 km SW of Hasaki, Japan",1119.387939453125,0.0103881267721683
2017-01-26,5.1,"78 km NNE of Miyako, Japan",1128.31298828125,0.030017139947712
2017-02-06,5.0,"259 km SE of Katsuura, Japan",1112.3419189453125,0.0010568310339202
2017-02-10,5.2,"66 km ESE of Namie, Japan",1133.0103759765625,0.0220337540374568
2017-02-28,5.7,"30 km ENE of Namie, Japan",1155.32275390625,0.0067539199126551
2017-03-01,5.0,"37 km ENE of Namie, Japan",1173.8775634765625,0.0160602822956417
2017-03-02,5.3,"39 km SSE of Saiki, Japan",1180.68896484375,0.0058024802407967
2017-03-03,5.1,"Hokkaido, Japan region",1180.923828125,0.0001989205355883
2017-03-07,5.7,"62 km ENE of Mutsu, Japan",1164.7178955078125,0.0018183438958905
2017-03-10,5.0,"Izu Islands, Japan region",1191.962646484375,0.0275360558887058
2017-03-27,5.1,"175 km W of Kamiiso, Japan",1123.145751953125,-0.023084913310135
2017-04-19,5.0,"73 km ESE of Namie, Japan",1072.743408203125,-0.0068433322969956
2017-06-20,5.0,"15 km SE of Saiki, Japan",1157.389892578125,0.0018574012865921
2017-07-06,5.0,"165 km ESE of ?funato, Japan",1124.7237548828125,0.0012739602439204
2017-07-11,5.3,"12 km SW of Tarumizu, Japan",1146.1832275390625,0.0069124384428478
2017-07-12,5.9,"179 km ESE of Hoemul-li, North Korea",1149.04443359375,0.0024962902840854
2017-07-20,5.8,"52 km E of Namie, Japan",1136.6455078125,0.0082487468356198
2017-08-01,5.2,"6 km W of Kitaibaraki, Japan",1129.0155029296875,0.0193755187725825
2017-08-10,5.1,"6 km NNW of Yotsukaid?, Japan",1069.88232421875,-0.0190206095217884
2017-09-19,5.4,"58 km ESE of Namie, Japan",1078.943115234375,0.0249156001843262
2017-09-20,6.1,"282 km ESE of Kamaishi, Japan",1080.1351318359375,0.0011048002297169
2017-09-22,5.2,"Izu Islands, Japan region",1072.9820556640625,-0.0122915907005698
2017-09-26,5.8,"73 km ESE of Hachinohe, Japan",1060.1060791015625,-0.004032432866375
2017-10-06,6.2,"259 km ESE of Ishinomaki, Japan",1093.370849609375,0.0091884899546981
2017-10-06,5.6,"17 km ENE of Iwaki, Japan",1093.370849609375,0.0091884899546981
2017-10-12,5.0,"111 km ESE of Iwaki, Japan",1084.8729248046875,-0.0046779897836825
2017-11-09,6.0,"Izu Islands, Japan region",1183.4534912109375,0.0032937932570376
2017-11-09,5.4,"Izu Islands, Japan region",1183.4534912109375,0.0032937932570376
2017-11-15,5.5,"7 km SW of Heunghae, South Korea",1154.3162841796875,-0.0147151526467728
2017-11-16,5.8,"Izu Islands, Japan region",1150.674072265625,-0.003155298044375
2017-11-17,5.0,"46 km SE of Namie, Japan",1183.6961669921875,0.0286980436271961
2017-11-29,5.5,"123 km W of Kuril’sk, Russia",1192.4375,0.0369511552377803
2017-12-05,5.1,"7 km NE of Hotaka, Japan",1237.599609375,-0.0003923136497838
2017-12-15,5.2,"5 km N of Miyako, Japan",1213.804443359375,-0.0159448140560113
2017-12-18,5.2,"100 km E of Nishinoomote, Japan",1241.7274169921875,0.0230045076746725
2017-12-20,5.5,"104 km E of Nishinoomote, Japan",1255.324951171875,0.0121378329651353
2017-12-20,5.0,"89 km E of Nishinoomote, Japan",1255.324951171875,0.0121378329651353
2017-12-20,5.0,"85 km E of Nishinoomote, Japan",1255.324951171875,0.0121378329651353
2017-12-21,5.1,"96 km E of Nishinoomote, Japan",1257.5103759765625,0.0017409235773153
2017-12-22,5.0,"Izu Islands, Japan region",1260.4237060546875,0.0023167443655187
2018-01-03,5.5,"Izu Islands, Japan region",1248.283447265625,0.0
2018-01-03,5.1,"Izu Islands, Japan region",1248.283447265625,0.0
2018-01-09,5.0,"48 km SE of Hasaki, Japan",1304.129638671875,0.0093966577399646
2018-01-09,5.4,"55 km SE of Hasaki, Japan",1304.129638671875,0.0093966577399646
2018-01-24,6.3,"99 km ENE of Misawa, Japan",1310.6854248046875,0.0054012129647464
2018-03-08,5.2,"Izu Islands, Japan region",1185.8812255859375,-0.0010228607895411
2018-03-29,5.0,"18 km E of Funaishikawa, Japan",1178.350341796875,-0.0170922095077369
2018-04-12,5.3,"110 km NW of Iwanai, Japan",1218.097900390625,-0.0028293276756773
2018-04-13,5.2,"28 km ESE of Nemuro, Japan",1225.0103759765625,0.0056748111820246
2018-04-24,5.5,"12 km ENE of Nemuro, Japan",1253.8951416015625,0.0119546078380086
2018-05-14,5.0,"80 km NE of Miyako, Japan",1309.6895751953125,-0.0003769674210145
2018-05-17,5.3,"9 km SE of Asahi, Japan",1315.861572265625,0.0018796737412811
2018-05-17,5.7,"70 km S of Nemuro, Japan",1315.861572265625,0.0018796737412811
2018-06-11,5.4,"24 km SSE of Kushima, Japan",1351.1651611328125,0.0038517998010931
2018-07-02,5.2,"123 km SSE of Shizunai-furukawach?, Japan",1292.90185546875,0.0084727712069936
2018-07-31,5.5,"23 km NE of Iwaki, Japan",1308.7022705078125,-0.0095289823172162
2018-08-07,5.5,"242 km ESE of ?funato, Japan",1306.97412109375,0.0157331102275888
2018-08-22,5.0,"104 km S of Shizunai-furukawach?, Japan",1319.8116455078125,0.0165431468477883
2018-08-24,5.3,"115 km ENE of Misawa, Japan",1312.89892578125,-0.0020643901559144
2018-09-04,5.4,"65 km ESE of Takahagi, Japan",1289.6923828125,-0.0022918138456756
2018-09-05,6.6,"27 km ESE of Chitose, Japan",1283.767578125,-0.0045939673417155
2018-09-05,5.3,"32 km E of Tomakomai, Japan",1283.767578125,-0.0045939673417155
2018-09-05,5.2,"36 km E of Tomakomai, Japan",1283.767578125,-0.0045939673417155
2018-09-05,5.3,"32 km ESE of Chitose, Japan",1283.767578125,-0.0045939673417155
2018-09-18,5.1,"23 km ENE of Ishinomaki, Japan",1315.36767578125,0.0259962730661282
2018-10-04,5.0,"35 km E of Tomakomai, Japan",1417.453369140625,0.0088608906973202
2018-10-12,5.2,"7 km WNW of Hasaki, Japan",1365.623046875,-0.0202333762735027
2018-10-22,5.0,"42 km E of Namie, Japan",1408.3067626953125,-0.0023396940739308
2018-10-25,5.7,"43 km ESE of Ishinomaki, Japan",1300.3271484375,-0.0251429095424671
2018-10-26,5.6,"57 km NW of Otrada, Russia",1309.2197265625,0.0068387237286289
2018-10-26,5.1,"48 km NNW of Otrada, Russia",1309.2197265625,0.0068387237286289
2018-10-29,5.5,"Izu Islands, Japan region",1303.3760986328125,-0.004463443233498
2018-11-02,5.4,"21 km WSW of Tanabe, Japan",1399.922607421875,0.0141726542931965
2018-11-20,5.5,"34 km W of Nagata, Japan",1406.02001953125,0.0007232972345023
2018-11-28,5.4,"127 km SSE of Shizunai-furukawach?, Japan",1422.788818359375,-0.009375397072616
2018-12-11,5.0,"34 km W of Shikotan, Russia",1370.95849609375,-0.0144292594555062
2018-12-24,5.6,"174 km SE of Katsuura, Japan",1320.6527099609375,0.0
2018-12-24,5.5,"169 km SE of Katsuura, Japan",1320.6527099609375,0.0
2018-12-25,5.3,"172 km SE of Katsuura, Japan",1277.96923828125,-0.0323199818981555
2018-12-31,5.1,"38 km E of Namie, Japan",1330.307373046875,0.0
2019-01-08,6.3,"16 km SSE of Nishinoomote, Japan",1365.877197265625,0.0
2019-01-18,5.1,"4 km SSE of Itako, Japan",1354.190185546875,0.0052809864100029
2019-01-29,5.2,"71 km ESE of ?hara, Japan",1340.72412109375,-0.0015139276709305
2019-02-21,5.4,"25 km ESE of Chitose, Japan",1415.4207763671875,0.0001795904354722
2019-03-13,5.2,"22 km ESE of Anan, Japan",1321.414794921875,-0.0218169016197221
2019-03-27,5.2,"45 km E of Takanabe, Japan",1384.16162109375,-0.0003731723217744
2019-03-27,5.3,"57 km E of Takanabe, Japan",1384.16162109375,-0.0003731723217744
2019-03-29,5.1,"13 km S of Nishinoomote, Japan",1385.19482421875,0.0035557528713725
2019-04-05,5.9,"Izu Islands, Japan region",1425.495361328125,-0.0001811678890362
2019-04-11,6.0,"143 km NE of Miyako, Japan",1435.0537109375,0.0144264600874552
2019-04-22,5.4,"186 km E of Hachinohe, Japan",1454.170654296875,0.0026721221828225
2019-05-09,5.6,"46 km ESE of Miyazaki, Japan",1408.703369140625,-0.0128530741795266
2019-05-09,6.2,"43 km ESE of Miyazaki, Japan",1408.703369140625,-0.0128530741795266
2019-05-10,5.1,"40 km ENE of Nichinan, Japan",1410.511962890625,0.001283871246154
2019-05-15,5.7,"59 km SSE of Koshima, Japan",1419.8121337890625,0.0080705613797489
2019-06-18,6.4,"31 km WSW of Tsuruoka, Japan",1406.8951416015625,-0.0166126492482712
2019-06-24,5.2,"14 km ESE of Tateyama, Japan",1393.4617919921875,-0.000926060449053
2019-07-01,5.2,"76 km E of Mutsu, Japan",1415.9368896484375,0.0151879690035376
2019-07-24,5.0,"29 km ESE of ?hara, Japan",1489.5623779296875,-0.0020769728748013
2019-07-29,5.8,"246 km SSE of Tateyama, Japan",1486.720947265625,0.0022639617627384
2019-08-15,5.4,"19 km NW of Misawa, Japan",1452.10400390625,-0.0181658089385962
2019-08-28,5.9,"141 km ENE of Hachinohe, Japan",1399.661865234375,0.0057547864671336
2019-09-30,5.0,"93 km ESE of Ol’ga, Russia",1525.9107666015625,-0.0148312094325814
2019-11-22,5.1,"49 km ESE of Takanabe, Japan",1565.7813720703125,0.0027054615474091
2019-11-29,5.4,"off the east coast of Honshu, Japan",1571.59033203125,-0.0020120268915192
2019-12-04,5.0,"10 km NE of Daigo, Japan",1568.9498291015625,-0.0053565013735432
2019-12-10,5.8,"Izu Islands, Japan region",1629.4158935546875,-0.0019409108612872
2019-12-10,5.1,"Izu Islands, Japan region",1629.4158935546875,-0.0019409108612872
2019-12-11,5.2,"79 km ENE of Namie, Japan",1619.646240234375,-0.0059958009240963
2019-12-19,5.1,"48 km E of Hachinohe, Japan",1621.7589111328125,-0.0069522207303546
2019-12-20,5.2,"Izu Islands, Japan region",1634.4326171875,0.0078147904523211
2019-12-24,5.0,"50 km SSE of Yuzhno-Kurilsk, Russia",1619.646240234375,-0.0080854969118506
2019-12-25,5.0,"Izu Islands, Japan region",1620.174560546875,0.0003261948809412
2020-01-15,5.0,"50 km SSW of Nemuro, Japan",1613.8375244140625,-0.0056937054940704
2020-01-28,5.4,"35 km NE of Nemuro, Japan",1580.03955078125,-0.0025005910852324
2020-01-31,5.2,"10 km SE of Asahi, Japan",1580.3038330078125,-0.0011681207352309
2020-01-31,5.3,"2 km SW of Toride, Japan",1580.3038330078125,-0.0011681207352309
2020-02-06,5.3,"106 km NE of Hasaki, Japan",1666.91015625,0.0275063347573605
2020-02-12,5.2,"38 km ESE of Namie, Japan",1620.4384765625,-0.0123913172542958
2020-03-12,5.3,"26 km NNW of Nanao, Japan",1251.041015625,-0.0401133821700131
2020-03-17,5.0,"191 km WSW of Iwanai, Japan",1136.9737548828125,-0.0148708238706555
2020-04-23,5.2,"18 km WNW of Shiojiri, Japan",1316.0416259765625,0.0115701302213178
2020-04-23,5.2,"64 km ENE of Mutsu, Japan",1316.0416259765625,0.0115701302213178
2020-04-30,5.2,"117 km ENE of Hachinohe, Japan",1367.11376953125,0.0239582582847261
2020-05-13,5.0,"125 km WSW of Iwanai, Japan",1182.9859619140625,-0.0331724584741935
2020-05-18,5.0,"39 km SE of Ishinomaki, Japan",1185.4053955078125,-0.0027135959341351
2020-05-19,5.1,"28 km ENE of Namie, Japan",1239.1651611328125,0.0453513758489094
2020-05-19,5.2,"18 km WSW of Hotaka, Japan",1239.1651611328125,0.0453513758489094
2020-05-26,5.0,"162 km SE of Katsuura, Japan",1222.2305908203125,0.0160893544519979
2020-05-29,5.1,"15 km WSW of Toyoshina, Japan",1254.755615234375,-0.0131076999708414
2020-06-02,5.0,"291 km SE of ?funato, Japan",1244.0035400390625,0.0034691047718677
2020-06-24,5.9,"36 km SE of Hasaki, Japan",1263.6258544921875,-0.004236286250938
2020-06-29,5.3,"191 km SE of Katsuura, Japan",1239.971435546875,-0.0355426621704815
2020-07-06,5.7,"Izu Islands, Japan region",1285.398681640625,0.0137799156934494
2020-07-16,5.1,"southeast of Shikoku, Japan",1299.3763427734375,0.0043631735770692
2020-07-30,5.8,"Izu Islands, Japan region",1246.96044921875,-0.0049334943607605
2020-08-04,5.0,"73 km SE of Tateyama, Japan",1250.7232666015625,0.0219633969649679
2020-08-05,5.3,"101 km ENE of Hasaki, Japan",1248.572998046875,-0.0017192200801782
2020-08-06,5.1,"12 km ENE of Kashiwazaki, Japan",1261.20654296875,0.010118387104028
2020-08-06,5.2,"63 km ESE of Owase, Japan",1261.20654296875,0.010118387104028
2020-09-02,5.0,"27 km SE of Nemuro, Japan",1298.30126953125,0.0016591532149872
2020-09-03,5.3,"144 km ESE of Namie, Japan",1309.590576171875,0.0086954445054967
2020-09-11,5.0,"16 km SSW of Tomakomai, Japan",1333.782470703125,0.0060827127388727
2020-10-12,5.1,"Izu Islands, Japan region",1321.09619140625,0.0018872371629268
2020-11-06,5.5,"157 km ENE of Hachinohe, Japan",1326.0732421875,0.001670804951779
2020-11-06,5.0,"153 km ENE of Hachinohe, Japan",1326.0732421875,0.001670804951779
2020-11-06,5.2,"164 km ENE of Hachinohe, Japan",1326.0732421875,0.001670804951779
2020-11-18,5.1,"247 km SE of Shing?, Japan",1531.7860107421875,0.0052622412579839
2020-12-16,5.0,"33 km SSW of Kushiro, Japan",1462.938232421875,0.0159367345648169
2020-12-30,5.0,"4 km ENE of Funaishikawa, Japan",1467.6387939453125,-0.0124652382403873
2021-01-12,5.9,"84 km NW of Yoichi, Japan",1540.9102783203125,0.0127203613630717
2021-01-15,5.2,"76 km SSE of Toba, Japan",1544.5047607421875,-0.0101010108912819
2021-01-27,5.2,"27 km ESE of Chitose, Japan",1481.4638671875,-0.0035334052702701
2021-02-08,5.0,"90 km SE of Kushiro, Japan",1527.638427734375,0.0248561571802499
2021-02-09,5.0,"51 km ESE of Koshima, Japan",1500.818359375,-0.0175565551850849
2021-02-09,5.3,"Izu Islands, Japan region",1500.818359375,-0.0175565551850849
2021-02-15,5.3,"51 km E of Namie, Japan",1537.3160400390625,0.0046982796136931
2021-02-15,5.4,"30 km ENE of Namie, Japan",1537.3160400390625,0.0046982796136931
2021-02-19,5.0,"105 km ENE of Hachinohe, Japan",1477.8692626953125,-0.0101852757241185
2021-03-15,5.0,"4 km ESE of Koga, Japan",1526.256103515625,-0.0048674627988022
2021-03-17,5.0,"58 km ENE of Namie, Japan",1534.8275146484375,0.0074411651257753
2021-04-12,5.2,"107 km N of Naze, Japan",1459.017822265625,-0.0048021027902953
2021-05-13,6.0,"76 km ENE of Namie, Japan",1511.678955078125,-0.0110538247965136
2021-05-28,5.2,"133 km ENE of Hasaki, Japan",1456.201904296875,0.0079922289019649
2021-05-31,5.2,"off the east coast of Honshu, Japan",1458.454833984375,0.0015471272773728
2021-06-08,5.3,"207 km ESE of Iwaki, Japan",1466.9031982421875,-0.0169841794678782
2021-06-09,5.0,"63 km NE of Miyako, Japan",1450.2879638671875,-0.0113267422110131
2021-06-29,5.0,"32 km ESE of Miyazaki, Japan",1446.6273193359375,-0.0009723236757105
2021-07-08,5.2,"Izu Islands, Japan region",1434.5179443359375,0.0083135708842774
2021-07-09,5.3,"244 km E of Namie, Japan",1430.011962890625,-0.0031411119415437
2021-07-16,5.4,"163 km SSE of Shimoda, Japan",1463.2420654296875,-0.0040253171393377
2021-07-26,5.2,"73 km ENE of Mutsu, Japan",1479.0120849609375,0.0061301687409474
2021-08-03,5.0,"111 km ENE of Hasaki, Japan",1491.121337890625,-0.0078696196068959
2021-08-03,5.8,"121 km ENE of Hasaki, Japan",1491.121337890625,-0.0078696196068959
2021-08-03,5.2,"off the east coast of Honshu, Japan",1491.121337890625,-0.0078696196068959
2021-08-04,5.4,"105 km ENE of Hasaki, Japan",1489.1502685546875,-0.0013218705184152
2021-08-18,5.1,"Izu Islands, Japan region",1513.3687744140625,0.0120529442353265
2021-08-25,5.1,"Izu Islands, Japan region",1512.805419921875,-0.0070239608543363
2021-08-26,5.0,"59 km ESE of Takahagi, Japan",1506.3282470703125,-0.0042815637531871
2021-09-09,5.4,"Izu Islands, Japan region",1578.9835205078125,-0.0083127483045143
2021-09-13,5.8,"223 km SE of Shing?, Japan",1617.0009765625,0.0073685248782489
2021-09-21,5.2,"Izu Islands, Japan region",1689.656005859375,-0.0077724240879341
2021-09-29,6.1,"243 km NNW of Nanao, Japan",1711.4830322265625,-0.0124295877749917
2021-10-05,5.7,"48 km NNE of Miyako, Japan",1706.0262451171875,-0.0070210240657184
2021-10-06,5.4,"39 km SE of Kushima, Japan",1722.1097412109375,0.0094274611189497
2021-10-07,5.9,"5 km SW of Chiba, Japan",1730.4390869140625,0.0048367101722959
2021-10-19,5.3,"98 km SSE of Shizunai-furukawach?, Japan",1760.0216064453125,-0.0069680510064281
2021-10-21,5.5,"271 km SE of Shing?, Japan",1750.2564697265625,-0.0027818004857109
2021-11-29,6.3,"Izu Islands, Japan region",1678.453857421875,-0.021433406855684
2021-11-30,5.5,"Izu Islands, Japan region",1639.3934326171875,-0.0232716703125129
2021-11-30,5.0,"Izu Islands, Japan region",1639.3934326171875,-0.0232716703125129
2021-12-01,5.0,"1 km SSW of Tsukuba, Japan",1663.23193359375,0.0145410494529709
2021-12-03,5.2,"10 km WSW of Gob?, Japan",1689.3680419921875,0.011521917217087
2021-12-08,5.1,"63 km ENE of Namie, Japan",1745.6611328125,0.0136758947690533
2021-12-09,6.0,"116 km N of Naze, Japan",1746.2354736328125,0.0003290104874977
2021-12-20,5.1,"25 km ENE of Shizunai-furukawach?, Japan",1792.763427734375,-0.0187078895754235
2021-12-21,5.1,"Izu Islands, Japan region",1811.4322509765625,0.0104134337823815
2021-12-21,5.0,"Izu Islands, Japan region",1811.4322509765625,0.0104134337823815
2022-01-21,6.3,"27 km SSE of Saiki, Japan",1932.921875,-0.0104396781136223
2022-01-28,5.0,"265 km ESE of Yamada, Japan",2007.8834228515625,0.0292990050544506
2022-02-18,5.1,"40 km ESE of Ishinomaki, Japan",2021.382568359375,-0.0032572736991129
2022-02-21,5.0,"Izu Islands, Japan region",2019.9462890625,-0.0007105430309715
2022-03-04,5.1,"150 km E of Miyako, Japan",1827.8028564453125,-0.0130274207369323
2022-03-16,6.0,"62 km ENE of Namie, Japan",1986.0555419921875,0.0037739851125908
2022-03-16,7.3,"57 km ENE of Namie, Japan",1986.0555419921875,0.0037739851125908
2022-03-16,5.3,"96 km SE of Ishinomaki, Japan",1986.0555419921875,0.0037739851125908
2022-03-16,5.0,"73 km SSE of Ishinomaki, Japan",1986.0555419921875,0.0037739851125908
2022-03-16,5.2,"75 km SE of Ishinomaki, Japan",1986.0555419921875,0.0037739851125908
2022-03-16,5.2,"88 km ENE of Namie, Japan",1986.0555419921875,0.0037739851125908
2022-03-16,5.5,"83 km SE of Ishinomaki, Japan",1986.0555419921875,0.0037739851125908
2022-03-18,5.1,"51 km N of Miyako, Japan",2037.178955078125,0.0189628816614682
2022-03-18,5.1,"75 km ENE of Namie, Japan",2037.178955078125,0.0189628816614682
2022-03-25,5.2,"near the east coast of Honshu, Japan",2103.8115234375,-0.0199357474901612
2022-04-01,5.1,"Izu Islands, Japan region",2071.34765625,-0.0065938337730978
2022-04-04,5.4,"61 km ESE of Namie, Japan",2070.177734375,-0.0005648119336557
2022-04-18,5.3,"17 km N of Daigo, Japan",2004.65283203125,0.0082388655839584
2022-05-02,5.3,"Izu Islands, Japan region",2029.5174560546875,-0.0115399561043972
2022-05-02,5.1,"31 km E of Nichinan, Japan",2029.5174560546875,-0.0115399561043972
2022-05-09,5.3,"7 km NE of Toba, Japan",2050.2861328125,0.002287976388986
2022-05-17,5.5,"230 km SSE of Katsuura, Japan",2005.5302734375,0.0005837493321292
2022-05-17,5.2,"229 km SSE of Katsuura, Japan",2005.5302734375,0.0005837493321292
2022-05-17,5.5,"224 km SSE of Katsuura, Japan",2005.5302734375,0.0005837493321292
2022-05-17,5.2,"145 km ENE of Hachinohe, Japan",2005.5302734375,0.0005837493321292
2022-05-18,5.6,"227 km SSE of Katsuura, Japan",2011.3807373046875,0.0029171655719559
2022-05-23,5.5,"136 km SSE of Shizunai-furukawach?, Japan",2135.409912109375,0.0763785939862693
2022-07-05,5.3,"63 km E of Ishinomaki, Japan",2380.543701171875,0.031432285826715
2022-07-22,5.2,"10 km SSW of Misawa, Japan",2269.970458984375,-0.0162269976721383
2022-07-28,5.4,"Izu Islands, Japan region",2289.5693359375,-0.0079847168685659
2022-07-29,5.3,"Izu Islands, Japan region",2271.140625,-0.0080489857407851
2022-07-29,5.2,"Izu Islands, Japan region",2271.140625,-0.0080489857407851
2022-08-04,5.4,"64 km ENE of Namie, Japan",2247.446044921875,-0.0148738384646073
2022-08-04,5.3,"Izu Islands, Japan region",2247.446044921875,-0.0148738384646073
2022-08-04,5.0,"Izu Islands, Japan region",2247.446044921875,-0.0148738384646073
2022-08-04,5.7,"Izu Islands, Japan region",2247.446044921875,-0.0148738384646073
2022-08-04,5.0,"Izu Islands, Japan region",2247.446044921875,-0.0148738384646073
2022-08-04,5.0,"Izu Islands, Japan region",2247.446044921875,-0.0148738384646073
2022-08-04,5.1,"Izu Islands, Japan region",2247.446044921875,-0.0148738384646073
2022-08-04,5.1,"Izu Islands, Japan region",2247.446044921875,-0.0148738384646073
2022-08-04,5.0,"Izu Islands, Japan region",2247.446044921875,-0.0148738384646073
2022-08-10,5.1,"51 km SSE of Makubetsu, Japan",2160.27490234375,-0.0065910768307055
2022-08-17,5.6,"261 km SSE of Katsuura, Japan",2260.609375,0.0219516184536896
2022-08-18,5.1,"65 km E of Namie, Japan",2261.487060546875,0.0003882517504267
2022-09-12,5.0,"118 km SSE of Kushiro, Japan",2270.555419921875,0.0005156312766247
2022-09-13,5.2,"79 km ENE of Mutsu, Japan",2258.854736328125,-0.0051532252818354
2022-09-21,5.0,"69 km SSE of Hasaki, Japan",2329.35205078125,0.0081023056751008
2022-09-26,5.0,"113 km E of Hachinohe, Japan",2238.67041015625,-0.0331015521357961
2022-10-19,5.2,"122 km E of Miyako, Japan",2365.100830078125,0.0036081376827545
2022-10-26,5.3,"116 km SSE of Kushiro, Japan",2380.316162109375,0.0009409061650142
2022-10-27,5.0,"Izu Islands, Japan region",2357.49365234375,-0.0095880161337056
2022-10-27,5.0,"122 km SSE of Kushiro, Japan",2357.49365234375,-0.0095880161337056
2022-11-01,5.1,"121 km SSE of Kushiro, Japan",2436.25537109375,0.0115197201654249
2022-11-14,6.1,"85 km SSE of Toba, Japan",2494.87939453125,-0.0106476847820593
2022-11-30,5.0,"66 km ESE of Namie, Japan",2530.23291015625,-0.0270176844527628
2022-12-22,5.0,"34 km SW of Hakodate, Japan",2519.49267578125,-0.0159062312112214
2022-12-26,5.0,"Izu Islands, Japan region",2533.81298828125,-0.012039818082402
2023-01-20,5.0,"37 km ESE of ?funato, Japan",2440.730712890625,0.0131898083811556
2023-02-28,5.2,"276 km SSE of Katsuura, Japan",2587.06689453125,-0.0044774261493374
2023-03-02,5.0,"163 km SSE of Shimoda, Japan",2586.619384765625,-0.0003458993425364
2023-03-06,5.2,"73 km SSE of Kushiro, Japan",2566.9287109375,-0.0039937292416594
2023-03-22,5.6,"115 km E of Noda, Japan",2324.82470703125,0.0176295774315247
2023-03-24,5.3,"Izu Islands, Japan region",2274.25634765625,-0.0118606164355226
2023-03-24,5.0,"Izu Islands, Japan region",2274.25634765625,-0.0118606164355226
2023-03-28,6.0,"Hokkaido, Japan region",2282.31103515625,0.0089019240735508
2023-05-10,5.2,"2 km NNW of Kamogawa, Japan",2516.133544921875,-0.0034343815270364
2023-05-11,5.2,"23 km WNW of Hiroo, Japan",2518.8720703125,0.001088386344259
2023-05-22,5.1,"41 km SE of Shimoda, Japan",2760.30712890625,0.0571577908016143
2023-05-26,6.1,"12 km SE of Narutō, Japan",2775.824951171875,-0.0016414843324473
2023-06-19,5.0,"Hokkaido, Japan region",3102.607666015625,0.0086054171738816
2023-06-20,5.0,"8 km E of Shingū, Japan",2944.69287109375,-0.0508974423842217
2023-06-27,5.8,"Primor'ye, Russia",2999.461181640625,0.0003044279075796
2023-07-13,5.0,"80 km E of Noda, Japan",2899.965576171875,-0.0065666536336094
2023-07-13,5.2,"Izu Islands, Japan region",2899.965576171875,-0.0065666536336094
2023-08-24,5.8,"116 km E of Yamada, Japan",2890.837890625,0.005716192163262
2023-09-08,5.2,"37 km ESE of Ōfunato, Japan",3081.613037109375,-0.0020691848706628
2023-09-19,5.8,"Izu Islands, Japan region",3272.387939453125,0.0204951735150775
2023-09-19,5.2,"Izu Islands, Japan region",3272.387939453125,0.0204951735150775
2023-09-21,5.7,"Izu Islands, Japan region",3330.807373046875,0.0046806098666756
2023-09-22,5.0,"Izu Islands, Japan region",3328.98193359375,-0.0005480471395303
2023-09-27,5.0,"Izu Islands, Japan region",3327.15625,-0.003281381898702
2023-10-02,5.0,"Izu Islands, Japan region",3148.4765625,-0.0210678077481795
2023-10-03,5.0,"Izu Islands, Japan region",3068.650634765625,-0.0253538262552573
2023-10-03,6.0,"Izu Islands, Japan region",3068.650634765625,-0.0253538262552573
2023-10-03,5.8,"Izu Islands, Japan region",3068.650634765625,-0.0253538262552573
2023-10-03,5.0,"Izu Islands, Japan region",3068.650634765625,-0.0253538262552573
2023-10-03,5.2,"Izu Islands, Japan region",3068.650634765625,-0.0253538262552573
2023-10-04,5.5,"Izu Islands, Japan region",3037.092041015625,-0.0102841924696358
2023-10-04,5.6,"Izu Islands, Japan region",3037.092041015625,-0.0102841924696358
2023-10-04,5.6,"Izu Islands, Japan region",3037.092041015625,-0.0102841924696358
2023-10-04,5.5,"Izu Islands, Japan region",3037.092041015625,-0.0102841924696358
2023-10-04,5.3,"Izu Islands, Japan region",3037.092041015625,-0.0102841924696358
2023-10-04,5.0,"Izu Islands, Japan region",3037.092041015625,-0.0102841924696358
2023-10-04,5.2,"Izu Islands, Japan region",3037.092041015625,-0.0102841924696358
2023-10-04,5.0,"Izu Islands, Japan region",3037.092041015625,-0.0102841924696358
2023-10-04,5.3,"Izu Islands, Japan region",3037.092041015625,-0.0102841924696358
2023-10-04,5.1,"Izu Islands, Japan region",3037.092041015625,-0.0102841924696358
2023-10-04,5.1,"Izu Islands, Japan region",3037.092041015625,-0.0102841924696358
2023-10-05,5.2,"Izu Islands, Japan region",3120.63037109375,0.0275060251549668
2023-10-05,6.1,"Izu Islands, Japan region",3120.63037109375,0.0275060251549668
2023-10-05,5.4,"Izu Islands, Japan region",3120.63037109375,0.0275060251549668
2023-10-05,5.3,"Izu Islands, Japan region",3120.63037109375,0.0275060251549668
2023-10-05,5.7,"Izu Islands, Japan region",3120.63037109375,0.0275060251549668
2023-10-05,5.2,"Izu Islands, Japan region",3120.63037109375,0.0275060251549668
2023-10-05,5.0,"Izu Islands, Japan region",3120.63037109375,0.0275060251549668
2023-10-05,5.7,"Izu Islands, Japan region",3120.63037109375,0.0275060251549668
2023-10-05,5.2,"Izu Islands, Japan region",3120.63037109375,0.0275060251549668
2023-10-05,5.0,"Izu Islands, Japan region",3120.63037109375,0.0275060251549668
2023-10-05,5.2,"Izu Islands, Japan region",3120.63037109375,0.0275060251549668
2023-10-06,6.1,"Izu Islands, Japan region",3108.563720703125,-0.0038667349079204
2023-10-06,5.1,"Izu Islands, Japan region",3108.563720703125,-0.0038667349079204
2023-10-06,5.5,"Izu Islands, Japan region",3108.563720703125,-0.0038667349079204
2023-10-06,5.0,"Izu Islands, Japan region",3108.563720703125,-0.0038667349079204
2023-10-13,5.1,"30 km WSW of Imabetsu, Japan",3180.035400390625,-0.0197426052246578
2023-10-18,5.1,"Izu Islands, Japan region",3195.815185546875,0.0067251861817938
2023-10-20,5.0,"Izu Islands, Japan region",3112.276611328125,-0.0109143344618539
2023-10-30,5.0,"Izu Islands, Japan region",3046.373779296875,-0.020590834738326
2023-11-10,5.3,"12 km SW of Kanoya, Japan",3173.538330078125,0.0005853959077555
2023-12-21,5.2,"56 km E of Ōhara, Japan",3202.3125,-0.0201647765939247
2023-12-21,5.0,"50 km E of Ōhara, Japan",3202.3125,-0.0201647765939247
2023-12-25,5.0,"158 km SSE of Shima, Japan",3220.87646484375,0.004341533567997
2024-01-05,5.1,"6 km W of Anamizu, Japan",3299.7744140625,0.0131092259597604
2024-01-09,5.9,"53 km WSW of Sado, Japan",3324.835693359375,0.007594846238601
2024-01-23,5.1,"66 km SSE of Akkeshi, Japan",3584.733642578125,0.0080918852589071
2024-02-05,5.0,"43 km E of Nishinoomote, Japan",3585.661865234375,0.0176501173561069
2024-02-14,5.2,"283 km SE of Kushimoto, Japan",3828.851806640625,-0.0355389920048567
2024-02-29,5.1,"22 km E of Ichinomiya, Japan",4061.83203125,0.0025200895522998
2024-03-14,5.6,"21 km E of Iwaki, Japan",4128.66259765625,0.0088455779805742
2024-03-21,5.2,"1 km S of Kasukabe, Japan",4442.39599609375,0.029247255725892
2024-04-01,5.9,"7 km SW of Kuji, Japan",4348.19140625,-0.0184713867929446
2024-04-04,6.1,"77 km E of Minami-Sōma, Japan",4474.22607421875,0.0280958782658922
2024-04-04,5.0,"34 km SW of Urakawa, Japan",4474.22607421875,0.0280958782658922
2024-04-08,5.1,"6 km NNE of Nichinan, Japan",4518.4326171875,0.0092436521123635
2024-04-15,5.9,"147 km SE of Koshima, Japan",4577.6875,0.0152273753810039
2024-04-17,6.3,"18 km W of Uwajima, Japan",4302.1044921875,-0.0142240151481756
2024-04-24,5.1,"5 km SSE of Funaishikawa, Japan",4631.298828125,0.0239135175281592
2024-05-29,5.5,"210 km SE of Kushimoto, Japan",5042.322265625,-0.0005591121488769
2024-06-25,5.4,"206 km SSE of Katsuura, Japan",5436.4150390625,0.0471013129749857
2024-07-04,5.1,"6 km S of Katsuura, Japan",5900.10986328125,0.0009575155986654
2024-07-05,5.1,"10 km WNW of Nayoro, Japan",5871.892578125,-0.0047825016499875
2024-07-18,5.6,"161 km SSE of Tateyama, Japan",5800.41015625,-0.0077232967980072
2024-07-29,5.2,"1 km ENE of Saito, Japan",5524.8271484375,0.0549568683195451
2024-08-08,7.1,"2024 Hyuganada Sea, Japan Earthquake",4604.962890625,-0.0123059544532122
2024-08-08,5.2,"51 km W of Otobe, Japan",4604.962890625,-0.0123059544532122
2024-08-08,5.3,"15 km SW of Miyazaki, Japan",4604.962890625,-0.0123059544532122
2024-08-09,5.0,"1 km N of Isehara, Japan",4614.369140625,0.0020426331815071
2024-09-12,5.2,"Izu Islands, Japan region",4852.330078125,0.0260542056250387
2024-09-13,5.7,"59 km SE of Koshima, Japan",4771.44189453125,-0.0166699672716836
2024-09-26,5.5,"30 km SE of Akkeshi, Japan",5055.48974609375,0.0287081468069005
2024-10-18,5.2,"42 km ENE of Noda, Japan",5445.1083984375,0.0017568232194951
2024-11-19,5.0,"59 km S of Ōyama, Japan",5781.25,0.0236726018351061
2024-11-26,5.3,"52 km SE of Ōfunato, Japan",5428.8740234375,-0.0226921464623846
2024-11-26,6.1,"38 km WNW of Hakui, Japan",5428.8740234375,-0.0226921464623846
2024-12-12,5.1,"Izu Islands, Japan region",5487.1259765625,0.0117978499270703
2024-12-17,5.4,"20 km S of Makurazaki, Japan",5180.58837890625,-0.0241049596427932
2024-12-26,5.8,"Izu Islands, Japan region",5396.40625,0.0121798541055146
2024-12-27,5.3,"50 km E of Tomioka, Japan",5482.3515625,0.0159263977762977
2025-01-06,5.1,"113 km E of Hasaki, Japan",5424.10009765625,-0.0083797882798831
2025-01-07,5.6,"Izu Islands, Japan region",5455.61279296875,0.0058097554884941
2025-01-14,5.3,"43 km ENE of Nichinan, Japan",5011.5625,0.0164633775564146
2025-02-10,5.0,"39 km ENE of Ōma, Japan",4795.74462890625,-0.0031757917607837
2025-02-12,5.1,"61 km E of Onagawa Chō, Japan",4777.6005859375,-0.0037833630380122
2025-02-26,5.8,"38 km ESE of Shingū, Japan",4863.54541015625,-0.0099145312398735
2025-04-02,6.1,"56 km ENE of Nishinoomote, Japan",5646.638671875,0.004483571096888
2025-05-12,5.3,"76 km ENE of Mutsu, Japan",5750.36181640625,0.0190688705644175
2025-05-22,5.4,"33 km SW of Urakawa, Japan",5474.0888671875,-0.0003539932218769
2025-05-26,5.3,"15 km W of Hiroo, Japan",5617.55712890625,0.0078260815481236
2025-06-03,5.1,"57 km SSE of Hiroo, Japan",5983.013671875,-0.0004857589426753
2025-06-18,5.9,"84 km ESE of Nemuro, Japan",5761.99462890625,0.0069456295873564
2025-06-23,5.0,"102 km NNW of Tatsugō, Japan",5631.12841796875,0.0036281879685244
2025-06-24,5.1,"98 km NNW of Tatsugō, Japan",5676.68896484375,0.0080908378380464
2025-07-01,5.1,"100 km N of Tatsugō, Japan",5862.81005859375,-0.0103093369833719
2025-07-02,5.0,"102 km NNW of Tatsugō, Japan",5838.57568359375,-0.004133576690665
2025-07-03,5.5,"104 km N of Tatsugō, Japan",5822.09619140625,-0.0028225192376638
2025-07-04,5.4,"107 km NNW of Tatsugō, Japan",5719.34228515625,-0.0176489537224875
2025-07-09,5.3,"Izu Islands, Japan region",5589.44482421875,0.0001734351821611
2025-07-15,5.2,"99 km N of Tatsug?, Japan",5706.73974609375,0.0164018839877304
2025-07-28,5.2,"20 km W of Hiroo, Japan",5865.71826171875,-0.0107895902674731
2025-08-01,5.4,"96 km SE of Akkeshi, Japan",5993.67626953125,0.0096342161243574
2025-08-12,5.4,"82 km S of Akkeshi, Japan",6189.4912109375,0.0215999852998824
2025-08-18,5.1,"20 km NW of Honchō, Japan",6357.19384765625,-0.012646839924291
2025-08-21,5.6,"62 km SE of Ōfunato, Japan",6228.2666015625,-0.0084876570200225
2025-08-29,5.5,"53 km E of Onagawa Chō, Japan",6205.00146484375,-0.0097462649954227
2025-09-02,5.3,"Izu Islands, Japan region",6264.1337890625,0.0128526801194237
2025-10-07,5.1,"27 km ENE of Namie, Japan",6089.25146484375,-0.0107320469906734
2025-10-20,5.1,"7 km WSW of Takahama, Japan",6015.3046875,0.0210878297503978
2025-10-24,5.7,"41 km SSE of Nemuro, Japan",5857.55224609375,-0.0085113554164688
2025-11-10,5.3,"136 km E of Yamada, Japan",5785.57763671875,0.0049666230008469
2025-11-10,5.4,"101 km ESE of Yamada, Japan",5785.57763671875,0.0049666230008469
2025-11-10,5.1,"141 km E of Yamada, Japan",5785.57763671875,0.0049666230008469
2025-11-10,6.0,"129 km E of Yamada, Japan",5785.57763671875,0.0049666230008469
2025-11-10,5.1,"111 km E of Yamada, Japan",5785.57763671875,0.0049666230008469
2025-11-12,5.3,"111 km E of Miyako, Japan",5772.76025390625,0.0089608694193945
2025-11-13,5.2,"137 km E of Yamada, Japan",5832.9033203125,0.0104184244210649
2025-11-17,5.2,"110 km E of Miyako, Japan",5915.7236328125,0.0131712067886156
2025-11-19,5.0,"132 km ESE of Yamada, Japan",5729.37841796875,0.0018965884547355
2025-11-21,5.5,"133 km E of Miyako, Japan",5463.1708984375,0.0357009691842005
2025-11-25,5.3,"10 km N of Aso, Japan",5379.36474609375,-0.0153402033181351
2025-11-26,5.0,"58 km S of Kushiro, Japan",5475.98828125,0.0179618857833379
2025-12-02,5.0,"43 km SSW of Nemuro, Japan",5386.26611328125,-0.004011016390506
2025-12-08,7.6,"2025 Aomori Prefecture, Japan Earthquake",5525.28564453125,0.0135647928409221
2025-12-08,5.5,"93 km ENE of Hachinohe, Japan",5525.28564453125,0.0135647928409221
2025-12-08,5.0,"132 km S of Honchō, Japan",5525.28564453125,0.0135647928409221
2025-12-08,6.0,"127 km S of Honchō, Japan",5525.28564453125,0.0135647928409221
2025-12-08,5.1,"138 km S of Honchō, Japan",5525.28564453125,0.0135647928409221
2025-12-08,6.6,"129 km S of Honchō, Japan",5525.28564453125,0.0135647928409221
2025-12-08,5.0,"112 km S of Honchō, Japan",5525.28564453125,0.0135647928409221
2025-12-08,5.6,"109 km NE of Kuji, Japan",5525.28564453125,0.0135647928409221
2025-12-09,5.0,"89 km E of Mutsu, Japan",5468.1005859375,-0.0103497017661611
2025-12-10,5.7,"108 km ENE of Hachinohe, Japan",5501.623046875,0.0061305494313164
2025-12-11,5.0,"111 km S of Honchō, Japan",5475.98828125,-0.0046594914639891
2025-12-12,6.7,"117 km NE of Kuji, Japan",5684.0244140625,0.0379906095717597
2025-12-12,5.3,"125 km S of Honchō, Japan",5684.0244140625,0.0379906095717597
2025-12-12,5.3,"202 km SE of Kushimoto, Japan",5684.0244140625,0.0379906095717597
2025-12-16,5.1,"133 km S of Honchō, Japan",5641.62841796875,-0.0212110866758609
2025-12-17,5.0,"94 km E of Mutsu, Japan",5754.02734375,0.0199231352109714
2025-12-23,5.2,"160 km SSE of Shima, Japan",5819.10009765625,0.0140893333356024
2025-12-25,5.6,"103 km E of Yokohama, Japan",5708.67333984375,-0.0013797972704203
2026-01-06,5.7,"13 km WSW of Yasugichō, Japan",5936.4287109375,0.018609397529594
2026-01-06,5.0,"17 km S of Matsue, Japan",5936.4287109375,0.018609397529594
2026-01-14,5.5,"63 km ESE of Akkeshi, Japan",5967.97900390625,0.0028164370901635
2026-01-15,5.1,"19 km WSW of Toyoshina, Japan",5967.97900390625,0.0
2026-01-16,5.3,"97 km SSW of Honchō, Japan",5950.23193359375,-0.0029737152729397
2026-01-16,5.0,"120 km ENE of Hachinohe, Japan",5950.23193359375,-0.0029737152729397
2026-01-20,5.3,"66 km ENE of Mutsu, Japan",5899.9482421875,-0.0123783188526055
2026-01-22,5.3,"94 km E of Yokohama, Japan",5729.37841796875,-0.0013748177540938
2026-01-27,5.2,"76 km ESE of Nemuro, Japan",5558.80810546875,-0.0070447908974009
2026-01-28,5.1,"103 km E of Noda, Japan",5502.60888671875,-0.0101099404195498
2026-02-20,5.3,"71 km ENE of Mutsu, Japan",6384.0517578125,0.0084099347044028
2026-02-25,5.2,"96 km S of Sukumo, Japan",6283.484375,0.0052050700749206
2026-03-09,5.9,"19 km NE of Otobe, Japan",5938.400390625,-0.0236667123718314
2026-03-13,5.0,"122 km E of Yamada, Japan",5822.05810546875,0.0045934575246302
2026-03-26,6.5,"122 km E of Yamada, Japan",7480.4326171875,-0.0343642553201145
2026-03-27,5.1,"107 km E of Yamada, Japan",7405.5,-0.0100171502133887
2026-04-02,5.0,"33 km SSE of Onagawa Chō, Japan",7262.0,-0.0304405874499332
